dfadjustSE;dfadjustSE_1;dfadjustSE_2;dfadjustSE_3;dfadjustSE_4;dfadjustSE_5;dfadjustSE_6;dfadjustSE_7;dfadjustSE_8;dfadjustSE_9;dfadjustSE_10;dfadjustSE_11;dfadjustSE_12;dfadjustSE_13;dfadjustSE_14;dfadjustSE_15;dfadjustSE_16;dfadjustSE_17;dfadjustSE_18;dfadjustSE_19;dfadjustSE_20;dfadjustSE_21;dfadjustSE_22;dfadjustSE_23;dfadjustSE_24;dfadjustSE_25;dfadjustSE_26;dfadjustSE_27;dfadjustSE_28;dfadjustSE_29;dfadjustSE_30
69.63608457;81.33834446;82.8375124;42.09223847;59.36455089;29.53392277;29.07919643;74.22680598;53.16579399;69.28088481;12.64975372;66.96500867;16.07594571;30.30411957;86.43920177;29.53917871;37.8198635;42.825394;34.76140741;25.44341292;98.58891132;40.80620918;58.66348928;92.32278541;84.77083358;24.44018165;64.63727286;47.19488235;5.42351335;98.0692979;34.3998346
76.0479878;88.94586467;13.6316602;87.27524762;51.45160525;20.1852782;92.67476476;66.70220634;42.37715296;93.13337698;65.41766232;84.26491817;61.31696373;18.87362168;86.84571703;88.35839028;71.2657541;7.205096756;38.79108936;11.5477754;57.15287717;81.73296737;53.05888795;96.74145143;6.679144129;8.524122017;70.54757642;86.38352061;66.30567951;14.40857326;47.49635751
37.98049719;19.94041363;49.99686388;78.16080981;57.26796627;15.29402591;41.8725939;50.1649067;71.09001993;90.4946134;87.67601339;32.95338152;66.22960694;46.09094021;56.95267821;52.30314764;44.87253807;98.13235857;71.47498186;75.35967794;12.36684319;95.55387444;58.29481511;77.5806887;94.21591159;54.27243548;27.71258677;62.243876;45.93982214;69.46502192;73.10519855
92.11966292;52.02419424;46.02330829;14.41776097;29.6927608;72.96374888;35.26243974;71.41727638;22.25071242;5.20922162;73.89772139;43.05329003;87.03620301;87.48811425;36.37684964;64.84923896;71.20630875;82.41564218;92.54251112;92.9699481;16.12209887;34.80865823;75.22501451;22.20514851;44.45884812;36.65417309;57.86412168;56.43505762;83.53510806;10.1519445;8.995786456
45.71365772;22.02638238;85.92550751;80.42816959;35.72281051;8.496481744;95.12120537;40.19349607;22.6117007;46.90592552;42.90576344;23.99033886;11.57410937;28.42894207;39.25466176;96.98870172;62.25151384;16.39178997;78.3705207;32.41788006;90.96823552;52.23245527;15.10257424;58.05350065;69.60695848;31.84665838;13.5130937;56.51216641;41.46642559;57.80913534;11.79494739
34.0215636;49.77389426;24.9501494;28.04791848;91.13759259;3.827338165;43.15002079;98.75897177;90.41333475;53.09627877;69.97964531;92.53368643;9.358798317;17.29790987;7.67787549;89.80221089;67.64128455;48.33407626;67.47999939;78.70547951;97.31556312;67.73700892;98.91294501;62.6819128;37.45917224;94.59702434;7.078455476;37.70915873;83.40501703;52.28779683;37.23947532
26.71040862;31.45646165;97.80267636;54.52595497;69.55984037;18.51696655;74.76590372;2.240461489;35.25451074;60.56461293;13.4771198;94.46463267;43.58630711;23.41677988;98.99131903;30.70645333;21.91584789;30.22318239;73.04059746;12.85825403;26.67824393;81.14483307;2.024230589;44.24475304;72.94020638;71.32967277;26.1107676;30.14928564;41.25506334;17.31853921;91.05283377
72.57260531;30.25520566;63.67648293;71.89604847;84.49579408;55.26238327;72.74675504;25.36815114;32.48075936;9.710034505;72.84619559;10.91105827;44.34044117;26.14795936;7.329079261;43.07261016;31.94291056;71.92017508;10.72342886;1.846661823;68.64587703;39.32614517;24.48266231;10.78579057;12.7845344;73.90825717;24.02534701;67.28483205;48.42672398;6.63988995;78.10378172
20.58442651;95.10463299;31.7501335;61.02802428;84.96160538;36.72084933;44.6408465;84.79853613;67.8449834;63.90753331;2.657502338;70.4792893;82.077369;82.20268482;30.44815412;93.97099753;27.29221484;64.44047882;75.21013169;51.13047956;62.1888875;18.52696576;65.04191552;15.42542776;51.4427367;46.83643753;69.94082853;59.32392108;45.49392636;10.67190105;78.87076875
72.44266082;61.26075048;11.95462127;99.71937797;43.63353204;11.91841143;40.1929251;59.75941516;26.45056914;73.84446212;76.32419743;78.77158318;70.66580967;18.29166653;76.93732787;19.27965787;94.03693851;52.47930803;55.0470881;50.21241685;15.8689362;29.92701104;92.60523191;68.0488125;95.82275791;99.95301862;21.73474808;63.0672992;80.50604822;64.31405269;50.77267168
37.12704446;83.9850349;98.72779159;90.79349702;40.72732745;14.63511848;84.04193275;51.34379783;66.82722601;44.33528695;88.07460364;78.63335115;58.8141605;42.85026613;2.980255721;59.90822627;93.00171713;3.8451586;56.36656964;51.13637574;56.76319814;30.50545758;78.28779952;24.21330707;25.07451336;78.15047033;52.45142617;30.97833457;18.32635822;75.61114136;26.10853311
28.14569264;45.16282328;3.462245905;8.47284691;23.59126448;67.08933123;56.60070444;69.63935939;59.96798557;97.93268315;83.3347484;87.5185856;43.22070351;61.56305241;55.37010771;52.581523;20.81466909;2.351201059;39.02727143;54.95444529;7.68510757;27.6495924;79.31615175;77.27520301;87.22460294;1.831530727;34.26351845;59.17042279;39.38046862;28.62519538;16.34582292
85.13449695;74.30742828;20.54403349;26.91660285;94.189379;68.34180773;88.91473775;18.27593917;73.05151389;10.76618109;27.49577547;74.70487931;24.59048309;67.72692622;1.305639207;10.84091011;35.45961013;81.7445565;61.10104419;29.25418417;72.24785227;13.61469742;85.05358517;60.9945032;6.228134843;19.99813709;47.42246022;46.52761114;73.35774634;82.42874803;78.77793877
98.20328391;78.52768211;18.99449467;4.69513152;80.99299238;90.73472886;26.92989525;49.10407437;33.10590296;71.32840003;68.14379085;89.962106;37.79505241;2.039989942;86.3703572;88.64942894;98.5825608;54.6397366;24.00192781;13.04717951;48.65617078;96.9141463;74.63799834;90.48608479;74.89806221;75.70590705;21.88101235;3.460388909;56.6177544;94.96416779;16.71318464
60.43111815;63.86253427;86.88640715;43.04081662;62.56901527;9.189550247;53.88143118;42.23562194;46.33602117;48.6887139;42.53788894;77.18593469;96.43683148;4.627063027;10.10162137;45.62838829;5.496545342;12.39967475;10.89881225;11.01396073;4.450501671;32.79391744;13.8570453;13.33190233;25.90095824;26.92182386;95.1768659;57.01827318;69.56457802;12.6938629;7.740974444
25.85580546;17.10293186;61.40869981;20.6803342;96.03354801;2.878938511;21.42837043;59.63471321;52.56945946;5.738281971;20.33396611;58.3369934;50.81430192;99.24814448;27.40911551;3.383823385;34.72751472;57.06766313;96.12868861;41.81213436;22.87950315;95.88916468;18.91865645;18.52343541;76.68707853;40.29672445;67.9009774;99.19981321;66.2331431;53.84259401;35.96317083
34.95759461;68.37762528;87.64419262;50.85329847;77.97122097;72.14404008;97.78843382;40.85611054;34.91235708;14.02161203;85.68669773;48.2955276;20.28222163;8.430157462;47.09294576;90.98825241;71.76775378;99.21802359;39.55137504;32.23817435;64.63309704;88.42171045;20.03138774;64.08844;41.4673225;16.17432425;86.85814055;4.175846842;24.52281176;86.77198848;87.98080242
95.30305468;57.5207195;51.46463658;54.45658421;64.15974647;70.38333487;65.63036005;31.06669654;62.00561735;49.52050178;24.19035565;66.27352674;84.6377055;39.38167237;4.305711951;85.10871801;3.432204281;17.68030341;54.70917524;35.67638054;17.4223606;22.34547619;24.08711838;72.37390494;49.15768515;30.31436335;88.67953637;57.17715245;58.52883872;10.82624714;27.65621272
21.43180847;72.95502858;72.62395125;9.586954348;8.270625504;93.37562334;61.52369853;3.214544912;26.46110501;14.15459728;14.3546014;5.102168498;73.35049676;68.61633265;8.437283718;92.79371249;63.83655391;99.06328008;30.81773281;34.97329862;42.91397409;57.65081553;93.04020439;12.86368296;73.24659906;60.87478333;72.01440299;35.60205087;14.3278667;34.5057635;56.00088575
87.15022645;86.59354939;11.57646354;93.11564584;5.616003593;49.46349613;5.798463366;12.70855668;97.22819467;69.8842631;24.36722164;71.52760874;98.53679686;55.5710212;64.13890136;25.11182646;61.79927874;29.26812919;12.31979713;11.68774364;19.96388294;49.52273447;87.51457177;46.33134815;56.5856702;81.94006429;82.74905104;14.13158776;60.97605993;65.14203463;58.66817309
24.74637789;43.8843266;43.05183653;7.341962659;84.26240074;39.85400105;90.91383056;5.522984997;78.89205707;17.99911433;21.35199169;8.621002771;31.51310601;64.96689937;93.36688806;41.53927936;16.11141078;21.60672206;14.69960406;96.28967109;17.78995521;66.70653596;68.72908729;76.67876302;48.25929017;42.95307042;89.45698205;57.98063754;9.099565085;19.55569345;38.15812886
3.89681777;4.259146675;29.73905655;82.56052594;2.327382676;37.69710892;71.70851641;19.2450653;40.6718546;14.48422664;14.32147505;20.62365031;73.98819883;94.56641416;99.66476837;39.08504737;18.03340929;76.97905457;45.1273223;63.24559928;33.02876781;5.600708611;80.51578025;26.25295744;40.05022488;47.79630778;23.70640546;53.73305637;34.8458244;35.66452092;72.45095849
85.72423527;10.28087004;14.32974577;71.10861549;63.55102246;4.92084909;88.53566642;12.48565316;46.76308269;61.58541394;92.59240858;71.33281954;51.19320738;66.28419049;48.34204904;11.23612227;7.644540887;98.24395683;53.25281314;27.94121533;32.18366672;80.9748805;11.3483729;68.80362382;76.24277661;97.40368603;94.46701932;15.08240734;79.90628747;72.60195614;59.98192722
58.84889764;33.97612714;77.2092704;87.73763056;46.09946515;97.49461607;54.13915908;72.33849358;33.40354571;92.60620539;90.05093344;42.31140544;68.22362033;50.78660621;53.04710801;58.96950271;51.86795166;53.46596434;90.09037016;53.28731757;98.34811692;31.88663851;70.07263175;37.62004489;81.51478303;25.97510167;33.44995692;43.49111868;83.84792596;49.4276919;1.909078652
60.68058034;79.210655;39.59150287;1.738223727;66.17255457;37.35247402;78.67397777;61.07907354;78.53968519;92.17449473;63.69273678;61.27480914;12.62650145;14.18316344;85.03491907;81.40795695;31.73458974;12.77670968;97.84216334;58.78248881;71.35423424;60.3668919;29.37578704;95.21465973;57.78786139;12.44467062;79.13025431;99.21106357;41.48425882;64.36670219;94.636962
68.04316978;83.89951911;48.66553931;86.60329383;21.36559464;3.551135466;13.99420481;10.01996403;15.18406523;8.478023024;78.94386415;18.51421847;52.93648771;85.56178091;63.8759659;18.62754469;86.8660791;38.44949944;62.26443527;46.89573621;37.85393038;25.74809826;68.28889004;89.85710138;34.49484481;48.29903486;17.8397336;89.35403604;14.00714187;99.94293583;47.46336283
39.85584034;52.52925778;24.58771103;72.35147324;88.57619984;88.00028648;6.910244735;27.84219174;71.5958296;28.54630494;27.2973163;97.3198973;99.9338958;64.18700476;24.66811444;78.99737958;84.5075657;96.92694213;23.84939678;70.80290868;92.06245512;75.85601805;19.42721099;38.36191934;76.4100557;90.66414893;46.76309067;92.64652184;51.07368851;82.37632705;81.47304471
72.37923088;62.22308513;43.52621757;94.38615601;7.086102252;21.12101864;55.44673084;74.13695142;90.26660581;94.33571728;13.17724483;64.17003661;57.26410745;82.46708684;35.56988247;64.27968899;18.04877375;33.9503786;83.90854775;70.45048727;55.9706751;81.70384794;69.312458;87.76002629;13.29823431;48.93046971;62.08862754;38.21345984;59.1546568;76.76252614;59.17517543
19.33481486;33.41223383;21.4847153;41.38839861;31.33854491;43.84420304;62.31433013;44.98801513;4.861650903;45.61468027;70.3338802;27.0504538;61.25520284;1.234223452;37.48400433;24.58924809;21.14839764;17.65339894;87.81685744;32.54224201;50.20499656;78.08118497;67.92540807;39.93781977;15.18041995;79.09275951;46.51071239;21.25361165;94.69672425;42.07746195;87.76224176
85.08157608;58.77036826;91.64847581;19.05139493;6.880966905;76.1645934;96.79481666;15.77151413;43.95400628;16.3278524;80.7575454;46.56079506;59.31631978;47.60729707;29.12651183;88.81266295;83.69414672;93.37793994;66.20948097;20.3997571;66.18843101;60.2593168;9.401837898;52.6080305;16.48372855;46.42191273;89.31809964;90.42990121;21.85469486;90.85264791;24.52958364
95.3186415;12.49032145;8.299995282;55.92568643;70.68077725;10.83833476;13.12539303;56.3121449;6.466103289;9.548591153;30.21073404;16.66587472;24.44696434;65.27136463;22.71915351;56.59787235;26.43230398;78.65489374;69.96791318;77.64854958;85.05764074;37.09868101;81.67223597;51.67435335;39.37581284;11.40847664;2.251846392;31.37419369;13.20869768;36.44693568;45.01465364
56.74912185;92.2746895;62.95393472;56.27606186;19.45644654;12.75314967;12.81138101;31.17218116;2.969125939;62.28405325;35.53105755;30.5838653;34.0609133;3.348770411;86.27894866;95.31750464;59.17478927;29.72520901;15.8714974;95.19494913;15.99074301;16.5327064;81.55283602;75.00003753;9.217069437;66.01651419;76.82699091;91.65098819;1.139190058;62.2802652;47.22919627
97.84976464;66.12736576;78.80270751;13.50646081;7.731063581;46.09210876;39.63117599;15.13461674;23.76518335;80.25098728;70.0157086;97.2405205;16.68137649;62.28437026;12.5183374;56.62381562;90.2054145;75.35032826;95.8315609;50.0958812;58.40765257;41.97680585;44.15578902;52.83591253;43.26320521;25.70989778;38.30862134;95.99421038;67.59144171;17.14729764;90.2044007
98.89669445;7.301206019;79.22825012;14.16230932;56.90244212;95.11396379;25.57527381;56.31959091;37.89804793;33.62484333;3.716282046;32.35578173;22.06180893;31.85272447;55.30366721;5.552075291;89.71012981;83.39478367;32.84009211;10.47000124;96.94111041;97.68290181;45.58118715;75.62685973;93.62748167;44.00513684;71.68623633;19.03462775;32.63668235;6.67155862;58.09041285
26.22097284;74.45514169;15.54482843;49.53963077;95.23280474;14.36062444;56.94160004;54.24558735;15.66679855;19.03167462;75.53870865;33.83562541;53.8665075;65.38754689;17.36453238;81.1083372;31.11899088;47.41309011;46.32724429;64.81129088;86.81723639;54.34706135;8.412899015;28.90638322;25.82882754;7.167294718;18.0002067;45.96161954;80.14595809;5.054425932;90.22029593
26.21738611;18.87446993;3.71142338;56.18608831;97.98429272;67.23731595;17.64006434;56.53389414;53.44116541;87.19982675;28.40295105;26.40401816;4.38310613;60.04546997;83.80380966;71.53299754;11.96408683;89.60688945;60.13074615;82.4084588;46.60574187;47.36262955;88.56775774;95.2906803;46.11647284;85.81030196;57.74459116;6.328590643;43.9355826;98.2208125;92.51850471
3.860114237;2.162483217;34.54091605;13.77034719;92.08201027;97.09582317;18.31324197;78.30260655;35.479866;9.413116815;32.16059872;61.12366961;70.99225621;33.78943085;79.68452212;2.787433163;79.9770096;39.68798893;27.15912332;44.4546867;20.64823514;44.31777323;20.20143501;47.0979711;93.13442579;42.93572093;19.89583853;3.275481524;19.51730621;30.06893292;86.5320489
38.37805565;91.6471379;33.98754828;4.385810084;46.42990095;73.1398395;97.36276991;57.75421959;12.92975297;97.95599042;2.150883625;43.44414687;79.22458536;81.51562508;26.92110619;63.1802441;76.06205955;54.17935894;45.56055262;48.97596349;38.76473778;60.15670903;61.03627322;74.09333226;38.85659075;8.815666213;92.87484759;42.03513725;54.15169769;1.104331305;5.257450892
88.33392142;79.77965304;88.32744271;30.17826755;66.44226604;35.52765536;36.16557143;48.93837755;14.7848406;67.54082411;22.07178894;74.61381742;19.48358271;86.30156989;33.50482321;84.49936461;23.79204531;39.56073567;92.63479093;50.02912671;98.6007032;14.653852;52.52622969;99.70368556;47.17996095;95.3318417;66.95057634;3.526894457;30.40891769;57.79856866;40.57367812
60.26913922;61.46086226;19.48988469;49.15904756;20.47290245;22.62877514;77.79528836;52.00132396;1.485811912;65.00245039;54.52346477;34.74154911;78.30602364;70.92246146;50.9193071;41.16199998;1.572365863;95.65928309;88.78735637;61.82448447;47.30476655;61.69339004;2.144569175;63.45941385;82.84027794;57.17736315;51.32643474;24.83260418;18.97441641;89.23735977;90.92258693
36.8544427;73.12196619;25.19808592;52.83457373;21.17022059;31.56553711;95.38407445;64.07582281;79.89347615;63.3116451;66.31947749;45.48859101;81.76258708;19.64511467;86.92510734;53.7077417;55.79110363;69.86388107;73.42272647;29.39884508;28.37548851;24.58119184;84.54561069;29.09272134;63.69284606;51.73939768;65.99443829;70.74012155;34.83720421;99.34722469;56.30407907
57.40446927;59.91668508;64.86257749;90.5806528;66.64561972;56.6317513;92.90345283;94.84852899;8.610859216;2.555003734;96.46181448;15.02504782;85.76425863;63.3233893;67.91005779;31.54867907;29.65132211;54.73668982;37.52431762;1.797691855;78.18102061;56.56521173;48.10752247;44.81868578;6.273235161;96.54773851;1.321372144;28.912228;11.78776962;23.76858905;78.83432953
65.9229812;12.13545743;97.09800821;38.63938466;52.98846504;22.65825742;29.48502728;99.67567687;35.22306317;18.59478225;25.56169948;17.79773554;54.25120617;43.1892676;23.28123392;17.317942;98.16071312;14.06472408;66.66114818;8.043675899;76.82016629;79.44547169;83.68582349;49.89897085;72.5972925;51.91302301;28.76244424;35.14930661;66.63369203;30.10568011;49.14119578
31.66280324;96.11239688;32.18294341;46.82591486;33.65075168;36.61122537;29.63333041;97.19296072;35.93666668;26.83500036;36.26266849;12.23917989;51.34660765;66.04216154;50.18819806;70.92127836;36.38963307;98.72917651;85.74330159;51.08757252;46.76175323;36.86284508;7.110657505;69.38091948;46.82649831;43.35147919;52.15431889;76.15318512;15.62009168;44.03180002;84.75320849
30.26342666;69.927204;61.57433259;90.22389597;64.10398738;96.84907479;93.07415408;66.9435126;66.68064266;21.37287437;49.29937141;20.84164319;58.90318486;87.16138088;99.23181876;3.683934893;35.09193412;29.298165;43.54840469;9.446125995;17.5389998;59.22110871;79.19476998;97.65518798;62.90197716;68.66022603;1.629699423;43.31872893;68.11853102;10.82161377;45.96964013
67.25057896;97.94801285;35.14493417;46.82118364;42.7977724;31.57395593;96.35395061;30.89340025;28.25306572;23.6987116;45.82614426;20.65952881;70.43702335;41.91671456;44.06214694;88.95676303;41.9617566;63.69967229;37.86770686;46.88767804;47.36129637;50.31256004;97.48898033;29.696535;38.71009109;15.70946728;17.32197519;68.56121483;15.93046644;72.19138448;77.259854
12.75068403;44.40408642;24.08232698;52.71465608;4.689075232;1.604631879;82.80728457;60.51555099;72.75758851;82.76599976;44.75517248;96.72555832;21.6697186;95.94863413;48.44164783;72.72317467;76.85647562;51.24186555;51.96917962;71.37042825;10.72359443;9.321240958;67.06606009;99.48807038;96.29350096;54.90064803;9.596147888;86.91044603;64.83159099;57.11903753;83.06236713
54.84337907;58.95808614;52.98765867;48.75372188;29.32666466;27.42271579;32.66666955;24.22139468;21.03236615;54.21694568;19.50499206;76.06948521;46.12559858;62.66190227;54.74186363;66.19661011;38.69767577;51.87254371;59.1381603;94.57749208;89.87296455;75.52323143;53.0459709;91.197055;9.416483694;47.18021858;46.0204277;69.52139134;48.8432423;22.69498209;41.32363788
71.72027945;98.20491084;39.82745712;3.885085039;6.714993489;84.05545286;73.06225221;88.96468565;2.471164179;31.46232596;68.40808907;5.192643177;7.985668257;16.55959514;66.0444318;78.07305877;64.68925294;10.19112707;38.61673891;63.51036992;32.13055165;63.99636835;97.70089978;98.66652526;96.4288174;10.23245595;94.28119651;96.5263215;62.81258808;17.05484594;21.70915527
2.270888466;27.97129951;57.34566312;49.50150129;73.55567102;99.53605472;4.928841205;72.45070867;38.5736985;86.51005206;29.54526229;38.96373381;72.00192781;47.75594931;10.48315357;32.07189374;80.20332117;60.7943172;20.65275328;25.09494629;17.29795687;28.06450306;27.1015224;15.92656468;17.60075124;9.887608896;16.32586895;34.33106557;10.77605517;52.00540037;85.40185092
42.65767764;20.24633723;20.84702478;25.63078654;36.46247011;57.37575052;37.87633251;76.70206192;98.19114351;24.21720076;47.6387924;73.64219081;4.687001748;91.04424304;85.22537686;73.50690705;3.351646642;13.86183343;58.8640508;9.925446062;60.80164736;35.38739208;87.90089512;66.164871;45.51370959;27.42886377;20.59192399;83.70543983;91.04028691;84.47059889;16.40117252
21.58540391;44.04494584;10.60710472;68.39784607;10.05084111;12.04549089;10.4340896;73.13923206;7.026757397;34.74292825;79.78038163;57.07583333;29.43028178;89.95126753;78.15456405;37.47835688;93.43984964;94.46911223;96.83771679;98.6965401;6.434853465;60.81028149;50.40772904;31.69084802;30.24102154;79.7270988;6.487171341;42.6481717;73.77178807;95.55410672;96.0602987
22.35790156;87.95200327;55.5616378;66.31709899;21.83762003;98.91826634;15.60961003;44.71045025;46.0362698;27.48912338;43.43983931;90.43082612;24.5197886;78.45166762;22.56472697;91.43665824;91.42150373;19.42466843;47.28286182;78.31861153;18.32583813;55.56310812;95.15229421;26.99806214;84.93169629;71.75472164;76.36851395;37.08719792;3.054586962;43.96656892;63.09811423
96.34104439;80.57903512;43.54023949;30.73338251;3.48141441;94.83741626;53.3847645;64.09979863;98.49710044;12.34311549;62.55760769;19.83704553;79.27992625;5.331224525;9.726536145;34.84192762;18.59339651;77.62699579;11.57192993;69.12023429;67.60328384;72.60530145;12.04688783;5.794735474;87.23913621;50.26327691;62.5694582;33.46481058;55.96245785;62.54393553;52.28654483
75.61619079;76.04794852;23.5502606;46.49600886;81.69746164;32.21985151;2.135430472;93.3758766;13.37428844;45.98693172;14.26042199;49.9411664;14.71875786;28.29591058;49.80570375;65.87615712;13.80844635;58.24193398;4.10358784;65.78352863;91.48315563;34.76233401;80.12813657;5.852839881;85.81653292;34.51971105;61.34591748;71.4479588;94.24904453;84.04501661;85.26602606
25.9230461;13.69114889;2.552841184;37.12136652;77.06267877;46.59975153;71.3918194;89.84604485;42.24446198;94.01630219;57.56939014;82.9685999;27.30530037;31.59223179;56.13978549;29.42480147;33.20871414;29.67998463;91.084432;5.922221085;70.66799898;32.83566513;16.90819999;41.57106227;44.42723742;5.613584172;24.41145564;89.51255582;76.66949881;42.58185588;96.70250458
64.16310635;92.68660128;16.81048631;17.83224336;21.81217637;8.053142884;91.24363807;37.52452127;22.4865726;54.75207459;83.86174384;84.79169425;84.49325789;49.70005047;90.98248591;9.314109008;1.639080753;98.47535144;46.19931143;67.14911282;71.23480826;39.67642207;79.10503731;94.94567159;78.9918439;36.54734812;44.28836523;21.27349817;5.663620466;60.90632467;2.204767995
29.53139773;13.80283235;33.49564546;19.43949264;26.28283623;89.46559127;22.95154025;88.13402543;52.81420227;98.41452861;37.49853939;92.80870418;66.10470351;22.67716813;21.0894043;19.07987409;25.07767258;72.74361564;85.75383543;30.87627042;58.71071089;32.30181842;20.44372597;52.20631254;52.19926927;49.51250176;4.550320708;9.199362086;92.5736683;3.804275069;65.57287775
82.98257229;84.70548644;94.04723065;2.908094014;97.7294181;23.68037239;32.41846014;30.13231876;22.18191005;69.23389624;7.110944065;67.11632186;60.01143185;37.09421621;9.232954022;61.88003519;69.39462192;31.28052003;85.99866167;76.73030523;6.18464327;21.60264588;49.02960515;30.3816299;34.90101369;95.26680061;11.45317383;49.71138164;51.58019669;50.06729513;89.06634222
44.22523834;69.50456736;28.68163554;26.55248835;84.25022137;52.1444897;90.70088535;64.04235558;21.68305793;92.1544466;85.70984429;31.93840735;41.29054484;47.02464925;13.15045179;24.03686394;22.87485169;3.560794021;43.88597223;89.89865007;14.47576384;52.14466209;98.62395275;44.09775778;54.72908142;66.78873496;75.15203817;91.14886178;64.51993192;71.20396401;44.97559124
66.33299429;21.638986;85.47627139;34.0285691;73.62026135;61.53040784;5.073368475;93.52579956;56.3850331;72.01741989;50.69311099;73.10783692;26.61040808;3.459893536;2.735507625;95.84978654;94.16883829;92.97007587;75.59111725;71.04107114;67.33790514;45.64201314;11.37686857;65.47090499;57.31193473;43.13489263;4.001611185;72.45275279;89.92962675;89.4612625;87.12053372
23.20947366;47.76608874;40.92572024;51.00569793;87.96725745;50.41294786;91.3536467;59.44676283;90.0943214;1.560205228;18.33333734;85.67981313;63.20164678;83.66210735;41.87918606;85.73713323;45.11960573;43.45166606;16.3139346;17.48847703;16.67214273;25.05798618;10.65143966;19.73632234;92.37169611;8.742135345;52.63930222;47.1905197;78.38920942;49.41093415;61.75999835
83.40713574;30.38013671;10.89707265;82.93124497;55.31580454;64.28229528;60.78207863;87.61199135;5.69179917;45.23695115;38.74773977;40.36674912;28.11840564;51.5539349;42.79820669;70.38838575;97.55526174;10.15483362;56.47871953;57.86084877;47.37351191;80.522919;33.86974109;77.46143389;76.00925494;27.0304066;35.46401984;29.9190088;93.87586825;7.909764045;11.35847068
65.92910671;90.61456797;66.73210929;93.83314755;59.90538814;90.3845202;91.92637871;15.90497007;10.06695225;84.62763278;73.55205393;65.57789424;97.54635854;57.76109008;30.43054342;64.80207233;38.8763979;83.02931364;36.77748615;98.42734269;56.36194332;5.876067786;2.067379405;86.02260579;21.15224855;59.51141023;54.32348792;82.69053279;64.25286306;76.53086212;99.37310846
94.52564321;65.92636772;16.31343209;86.00480594;78.30575609;98.71816366;77.80628168;64.61123405;4.121785953;52.57026958;96.64285224;79.6039965;16.37816012;29.77879995;14.49593648;89.38939683;65.00268709;38.18319771;21.77196884;17.42427547;32.11620081;23.45482182;74.41888505;39.01028129;5.242721539;37.72575449;52.71449724;36.91020741;95.69859247;1.239230216;73.7340128
3.527775898;37.2702694;44.26162984;97.14364595;37.39131532;13.84620136;37.51679674;8.359200867;70.63159155;59.09189821;2.031663944;88.73776935;91.95660868;40.73348767;52.27841151;41.72716552;31.25647771;27.25786094;9.866023228;70.49417745;69.87779774;72.06846376;45.62968281;51.08119249;75.82596417;12.5922689;76.36724328;89.90310937;92.84358232;97.03309961;53.78100754
95.02593016;71.26394443;48.46249898;13.54983259;55.94946427;57.14354076;46.75661065;38.84638608;39.82725109;75.11647753;87.45648223;58.22926804;93.39284171;92.20625901;91.33633092;84.39522057;19.21969123;75.65061532;27.94700389;54.796476;15.47380363;29.87507252;34.50311982;5.97948697;27.34717907;74.2615575;73.96602479;93.7943221;43.27845667;61.34703659;52.16272149
4.683148694;11.7925164;41.70432143;22.02856577;79.54205713;25.3619551;59.95609914;26.63208651;54.72106697;38.09053451;91.89943822;26.58550115;69.89349414;41.01658848;93.11952741;12.19197139;6.709998826;74.46585076;71.09589949;4.922994467;76.04831988;12.75119129;60.90562791;55.9458443;80.7145219;20.14416559;41.49955468;8.730494816;55.14685958;94.10806206;59.36580208
3.216446556;14.29954909;2.795473638;94.27747515;25.19001398;46.77330692;93.0266834;10.80413151;70.28902234;18.32929117;17.38616034;42.96423298;22.24587828;92.26909063;46.65007496;48.92107704;44.25935674;85.63102803;16.09794804;60.41419033;26.10429933;72.57087087;85.76158006;94.60408474;65.96594654;15.23396076;57.46724112;80.76419576;75.23336771;40.86680599;52.63706992
71.67716184;64.66026531;40.62260671;37.43470538;65.31496675;75.42445927;96.91351421;16.78116443;11.14608274;42.90421813;63.45769659;37.31027955;82.51919224;8.970074612;64.73416793;6.56355781;3.329753484;40.71789424;56.21132664;98.92198473;83.76729449;33.14795202;65.20504447;59.4088321;7.04353209;41.66132592;27.73690885;71.93150054;21.59024446;50.63417103;73.2859851
1.210098777;8.700603227;68.04068609;73.11513463;91.66037839;68.07605388;12.65219902;3.391843345;76.73920057;23.90501739;85.07879645;99.42369241;65.65055263;51.07719572;72.06273008;94.55118678;56.92348318;10.5786683;45.20920784;41.83646358;29.09449623;10.29415889;66.77329877;14.74058127;29.0266016;35.32575207;65.1889147;62.53216721;33.13651871;65.04663342;20.00859458
27.24994134;15.92623048;49.66419887;53.603823;43.26513652;58.84329201;90.22358147;98.37382581;70.12632259;23.98071823;74.41681113;37.0959976;10.11580962;91.88274603;81.49532697;76.17511417;81.12153733;36.04279381;79.03971375;55.8829776;49.8965494;37.36822563;47.99992984;50.50328037;80.6502384;7.807314999;21.38317616;44.73202795;23.10167145;88.17450999;3.780848886
4.291271464;51.43043075;78.27586674;14.22817298;52.49735816;6.071735965;63.76390195;71.25584245;18.70231009;25.49720493;53.25889222;4.168656345;71.49668109;27.67020237;77.37661279;91.06478712;33.95115122;76.1725487;87.43734141;16.1073059;11.28097685;27.83811855;98.39955305;95.5559849;16.59360599;87.02086121;65.69025419;62.0763274;20.5389584;47.76840953;55.98502712
87.52724216;64.69070437;70.94375891;27.5349404;11.43735305;59.71768273;80.54398187;78.21934178;62.04412411;35.77384912;99.50956022;43.21705147;18.56156824;8.557713606;14.58768492;79.22519038;11.25807435;87.88953845;95.49828742;24.31894141;31.06024386;40.47915905;64.11035086;55.89961081;4.362357716;29.46298648;31.83133166;43.91641815;27.92272824;8.450560008;7.823670638
40.80387744;31.8210224;70.09584728;60.17232483;11.56123423;39.85757912;60.32209762;30.94423795;19.5868271;39.4870961;68.8901189;77.3326781;75.51181507;81.66816256;49.07263924;54.42866093;56.88517403;42.74879734;19.47856633;46.7512547;28.76062675;6.898513227;22.36452712;20.39348301;83.88741115;57.00433687;38.53982012;97.48020983;85.80012491;61.08671186;76.27530941
49.88662125;81.40495065;2.51105224;36.31819747;91.88203318;94.26130391;5.178433423;87.96492131;16.2039322;54.26264247;81.810791;1.964513219;8.975960535;99.93048105;64.25202956;37.30736859;77.48075049;98.18849681;21.69116497;53.17246454;29.96753499;23.41200184;7.906730381;86.65114646;58.66055172;8.592017402;64.82636147;37.0750864;72.80726135;60.45778155;75.46880441
11.08688278;71.71823717;52.46380894;82.31265943;68.43965708;48.11891862;86.18110782;55.33057589;94.75473547;39.86736797;82.5903827;54.58938991;44.40911388;98.9921711;99.60149071;92.68128523;34.61573669;71.24080257;71.89220648;42.50556166;68.42877455;84.8496069;53.44455879;86.95609413;21.95824451;28.65787215;75.51241025;96.2921832;76.07142675;69.71833827;88.44733094
11.13357268;83.97452188;70.5654111;80.86381304;22.29850832;51.63876536;90.66856764;65.23472566;45.33336334;75.80079801;97.16467364;19.58068689;14.5439953;54.84259518;73.79545481;91.70067543;94.64663151;31.553338;9.008310224;30.08991497;52.50940454;23.17351446;48.65670079;86.09602404;73.55553438;71.43763939;49.49764007;41.43589692;52.12895557;53.43860688;95.00208338
98.87421158;3.826961109;97.00870188;82.24150926;88.51749182;29.52544642;82.04972557;58.54005807;77.78920513;77.5991453;49.40544462;38.53092593;13.64091137;5.808956155;26.11090516;25.58973412;46.7163965;88.61451173;59.1280711;28.46390441;23.18444836;25.81846406;75.18520814;82.78207748;95.58782006;93.44007309;96.65849173;50.65034254;54.88255315;37.85945769;6.40597226
12.71655723;15.72624446;86.07326673;55.90974263;68.36878187;75.28265056;50.99275584;81.52319461;96.5291236;83.81578347;45.34956219;11.15232649;13.50965545;60.74854907;60.8364735;85.80733263;26.16184097;28.04478202;25.96819651;56.97868936;49.53588002;9.84121055;97.92410718;78.25246974;78.12089845;18.53130402;37.20447827;95.84396772;55.26343001;22.91754975;92.46913466
99.03675952;2.765262826;31.02776649;10.97290223;64.75650555;70.23187033;87.96126969;45.65144868;41.9109;20.33688042;2.409094372;6.945554005;48.78954567;69.46733013;5.303465543;46.6293368;28.54849502;67.40574043;55.18119357;83.06058615;8.189989517;65.84766901;66.92642825;8.014985481;24.14689504;17.32533682;28.08856142;20.91083693;26.47208061;2.404604209;67.84287009
99.55811556;86.15033248;59.57794477;54.71156276;99.82456668;56.52490259;52.87407498;39.86649624;30.43965916;7.893918415;6.77274532;83.5438881;76.59459396;24.94909215;27.11379594;12.34967648;4.866786172;61.77679609;23.06684529;50.23482942;65.97176877;74.43789193;54.79546061;40.1482744;46.0394254;13.60845452;29.50212371;41.31063148;67.91757163;59.62190562;10.56981608
3.818995686;44.07445088;31.57518147;48.09417973;72.45092513;26.74159349;10.16143502;61.48825606;22.93561881;88.85414684;27.8129964;53.16845652;97.00502924;87.99245738;81.01803779;82.03066098;43.56822229;10.50410973;53.21872864;53.01488969;45.60442665;12.01049886;58.41715434;63.78553052;1.55929018;85.11604704;20.86696224;30.1976963;54.69100405;10.60724215;58.43826988
95.18363746;93.30795645;2.266430966;31.66938906;35.66470251;58.68966803;9.098190899;87.31154388;47.06781139;70.81437426;44.62910443;62.96292489;79.08733517;3.1385009;42.17578784;78.53260969;65.9022344;9.121237099;62.61680712;4.483165443;71.40087178;39.88387035;23.13440271;34.33658686;14.10323203;39.49890224;58.45215004;40.98688258;10.18432386;22.90793603;55.00542959
89.60990011;5.836356613;18.78668826;37.03940503;61.84198886;38.07053423;33.78218317;90.93710669;82.07567391;73.18804411;67.68389237;39.78845737;67.84007914;22.98968403;62.73641208;93.83458604;29.10660673;95.21132422;24.82616023;6.839317968;82.36658745;99.89992301;65.73880928;4.913677125;64.41221658;99.10611834;81.75415826;39.20231927;31.64548198;50.62057642;16.38594236
15.85176451;8.434331606;20.70299913;89.51635738;55.9863992;22.90431422;40.32279917;75.09997774;68.73462018;46.66324858;64.81910742;93.90404193;71.71962653;13.80529962;46.98708572;53.44147718;57.41323264;31.32402776;31.37969838;1.696956778;3.846403428;65.68233536;98.52300655;49.34301655;36.18989759;82.13830891;9.21935466;34.68299939;87.66405641;30.44888885;37.13645163
76.84243365;93.50558111;59.08791317;39.75201863;37.13397237;89.34286811;80.56744048;34.68144168;44.83620479;76.73140047;61.09890373;95.16692648;92.4968463;21.36671507;76.49253368;71.22385588;2.635531616;94.77905854;9.962287758;71.87850383;7.392975592;60.57390243;20.00425584;3.16254181;45.98188568;91.06510908;97.38633614;17.57636638;18.21620749;11.77485515;46.70043154
90.97132713;45.77816847;21.48915243;47.67347844;94.68312171;48.31538317;57.90677298;2.07439668;44.70635372;6.651844262;35.59881003;24.95153029;99.22818639;63.64873347;30.94342555;32.56742573;22.06508976;2.417325172;54.44649967;9.826095728;87.05747462;39.48959458;5.293325561;57.8299909;15.32353987;29.51204547;77.999653;72.59374316;19.83156967;30.29238059;96.48760522
67.7893713;73.45064062;29.54996534;20.2627239;92.02525133;65.10447791;22.69511292;91.60632405;2.921931323;30.47678735;17.24413255;62.69916217;75.0818311;51.9237623;8.555452678;87.96748143;76.64511222;25.62096115;69.49094956;77.41012737;61.092391;56.14054962;15.85388075;18.75137611;64.25691022;4.973848838;38.5937977;19.36788305;46.93174768;36.2528496;29.62677096
72.81326856;11.0337001;80.65784952;25.51661304;70.4451912;52.22198122;6.72774504;30.9902397;11.99780556;52.25286251;79.14578196;3.01376002;33.00164096;83.89161876;97.61501209;84.59295361;10.1991125;32.02695853;67.84851364;51.37987371;27.13812023;61.38359177;46.29443067;53.26492968;40.78686356;35.5191123;69.32827014;86.64620873;54.17016436;18.81503211;1.703764872
21.6680653;44.17022151;6.888069489;75.61124259;35.27058533;73.06952889;68.43756176;78.6366002;83.2288352;62.80093275;17.32029202;36.63642692;22.23447777;14.25933937;67.27244999;3.548303076;76.33153435;10.82012906;87.01773288;31.29833823;24.39310012;17.0618599;87.16076686;33.44837125;32.53813223;75.09293361;52.47328127;65.61848978;23.84782591;8.882246491;24.76419187
78.57668033;56.03574485;85.69729273;43.42099648;85.9992252;59.76676659;39.91375991;63.61271326;51.22873932;7.488926201;19.76955188;18.70774434;96.86123875;76.17397272;56.13840743;39.14529612;5.565781675;23.66624472;27.75094513;75.03463;71.98239956;9.182700225;15.18049155;89.60840166;51.02937019;51.56277809;72.83506399;34.22543434;64.66170176;8.316951587;16.99906878
49.60631229;92.00036044;69.67727769;47.15016054;94.79530775;14.29078062;29.31003249;86.29535824;22.07599367;8.846127673;5.778316309;58.33946424;57.38573641;69.82825762;35.18351171;95.47160889;59.61682932;21.54929323;55.76887816;97.84877486;39.16693667;50.03544271;4.970334645;85.13683123;49.5636387;51.89267186;15.37192175;18.22391357;32.73464884;30.6782566;86.03521432
99.9135167;99.408862;60.784781;93.70948242;5.426738654;13.77006374;93.21439655;24.36589897;85.73870123;7.499284376;98.88422979;36.36907517;99.2774541;35.75418785;11.73058238;21.08189078;58.43494177;41.8945468;13.26616332;65.58546214;93.10343583;65.83034418;25.22125253;62.41103715;16.70228054;92.5430202;14.3753564;97.92196143;49.19551978;56.80223173;69.89724153
5.387947185;5.121425769;45.48335428;80.19726735;23.53915714;93.46583177;21.8677826;84.44378833;24.76927076;10.60038406;19.31200622;21.01731451;49.10745118;46.57807032;17.8785046;5.971628707;87.44100762;60.05147107;31.81347206;93.84164727;77.338535;98.98625676;60.63681101;75.32790513;74.21554956;38.20921894;54.21123831;67.42991029;26.08977149;92.67375633;85.12148632
35.98127292;6.65871072;94.18617932;2.73216163;20.88424109;74.51653612;28.1570722;28.33867183;19.53089423;85.63706046;35.376711;76.23606853;9.90778518;46.36325295;22.51449899;87.24426846;97.20967765;97.99716973;39.63085988;58.75839694;34.86807184;54.74516721;47.83945821;5.425542024;17.23629335;47.32226645;97.63134597;21.80870307;75.51895965;95.53274069;18.04974474
19.45444802;28.68148894;77.28111724;73.05447798;21.61364003;81.03332333;49.61232646;42.63182708;83.87119453;62.44838906;18.49454231;36.25383576;16.27247272;76.79204996;17.57959687;39.07108629;61.56313036;47.48126261;90.10582442;6.67317972;34.35000802;67.13529441;58.24446146;12.01569865;35.35403897;7.603111181;93.58669576;79.84508613;70.35913378;72.89445821;12.54760667
95.09833438;11.60003685;58.29576778;81.88661101;87.60527995;8.821901071;79.45472002;5.104498945;12.33962306;56.2997078;64.44809699;81.6096754;51.08719117;94.94168526;58.58911953;12.01998821;93.43158889;20.93101674;71.28402443;76.23014817;79.02974582;96.68607336;23.15623336;49.7248483;78.65777219;86.67393468;80.29189552;46.43307413;7.101245334;58.98215575;66.56507815
41.9028636;65.55469054;7.333103117;18.73192171;8.759439571;67.39356488;22.76656943;20.29854613;12.01921432;66.68668231;27.96317063;24.70983091;51.80707978;43.04640262;51.52858005;90.70433123;66.68004322;3.225898443;82.27242912;22.98854699;66.91691768;25.98010864;14.11767413;48.07920895;23.26058933;43.29400078;26.47197006;38.34204266;19.066914;22.80942565;71.7022295
76.14883146;26.60233029;81.99409498;24.35720502;9.330404279;82.9198118;4.893978787;8.268056624;30.69733607;74.41440867;3.968507546;10.65906952;3.689015648;3.686223643;52.0024495;47.71380901;98.61460314;78.79366717;17.21217451;33.73765053;26.60505711;92.44286772;52.0089511;35.14006557;12.45165906;13.60117567;89.17064091;24.52863118;52.52715082;74.22179583;15.50740893
0.0235;0.211;0.282;795.16;15.04;0;12.073;0.1162;3.89;;;;;;;;;;;;;;;;;;;;;;
-0.0577;0.202;0.273;911.41;28.72;0;12.03;-0.1801;7.63;;;;;;;;;;;;;;;;;;;;;;
0.0035;0.206;0.277;534.62;3.05;0.46;12.042;0.2253;7.35;;;;;;;;;;;;;;;;;;;;;;
0.0208;0.718;0.782;43.88;1.59;22.54;14.851;0.1763;7.07;;;;;;;;;;;;;;;;;;;;;;
0.0032;0.029;0.103;583.79;0;1.83;12.699;0.2104;6.93;;;;;;;;;;;;;;;;;;;;;;
0.0149;0.433;0.501;9.47;624.56;13.1;14.187;0.1127;7.07;;;;;;;;;;;;;;;;;;;;;;
-0.0289;0.146;0.218;252.16;3.3;0;12.652;0.0421;3.94;;;;;;;;;;;;;;;;;;;;;;
0.0042;0.096;0.168;181.15;0;0.33;12.405;0.0969;5.36;;;;;;;;;;;;;;;;;;;;;;
-0.1114;0.179;0.25;733.92;50;0.21;12.936;-0.0147;11.89;;;;;;;;;;;;;;;;;;;;;;
-0.0118;0.198;0.27;468.95;3.63;0.82;12.884;0.4585;7.81;;;;;;;;;;;;;;;;;;;;;;
0.0048;0.698;0.763;9.92;296.41;20.31;14.171;-0.1039;7.69;;;;;;;;;;;;;;;;;;;;;;
-0.0322;0.252;0.323;1.52;411.97;21.46;13.392;0.0108;6.56;;;;;;;;;;;;;;;;;;;;;;
0.0272;0.743;0.827;92.23;1.02;20.47;15.052;0.1222;6.8;;;;;;;;;;;;;;;;;;;;;;
0.0101;0.192;0.263;1.19;32.3;0.78;13.213;0.4348;5.49;;;;;;;;;;;;;;;;;;;;;;
0.0104;0.326;0.396;2.71;52.64;1.33;13.483;-0.0253;6.61;;;;;;;;;;;;;;;;;;;;;;
0.0034;0.339;0.408;2.45;3.48;6.24;13.499;0.1393;11.58;;;;;;;;;;;;;;;;;;;;;;
0.0127;0.647;0.712;18.47;402.28;60.16;14.417;0.2204;11.66;;;;;;;;;;;;;;;;;;;;;;
0.005;0.24;0.311;1.95;309.39;26.09;13.46;0.1087;10.02;;;;;;;;;;;;;;;;;;;;;;
0.0176;0.223;0.294;1.88;33.41;13.34;13.433;0.1969;4.73;;;;;;;;;;;;;;;;;;;;;;
0.0056;0.211;0.282;1.16;31.04;24.69;13.214;0.1508;11.22;;;;;;;;;;;;;;;;;;;;;;
0.0112;0.557;0.623;10.8;82.18;38.76;14.061;0.1237;11.03;;;;;;;;;;;;;;;;;;;;;;
0.0245;0.336;0.405;4.51;1.15;3.45;13.712;0.1972;6.29;;;;;;;;;;;;;;;;;;;;;;
0.0117;0.699;0.764;15.3;274.86;15.06;14.329;0.0721;6.29;;;;;;;;;;;;;;;;;;;;;;
-0.0521;0.12;0.19;211.24;612;0.25;12.354;-0.0792;6.08;;;;;;;;;;;;;;;;;;;;;;
0.002;0.324;0.523;2.09;14.83;4.81;13.415;-0.0614;5.91;;;;;;;;;;;;;;;;;;;;;;
0.0187;0.515;0.576;13.75;-184.22;51.36;14.006;0.0613;5.77;;;;;;;;;;;;;;;;;;;;;;
0.013;0.201;0.27;625.48;338.85;0;12.863;0.0403;5.01;;;;;;;;;;;;;;;;;;;;;;
0.0328;0.829;0.802;50.14;3;0.44;14.916;0.0992;5.57;;;;;;;;;;;;;;;;;;;;;;
0.0057;0.213;0.281;1.14;7.11;6.57;13.204;0.0129;6.41;;;;;;;;;;;;;;;;;;;;;;
0.0131;0.564;0.624;17.9;939.72;7.28;14.426;0.0018;6.97;;;;;;;;;;;;;;;;;;;;;;
0.0215;0.576;0.636;18.66;268.1;16.62;14.271;0.0477;4.56;;;;;;;;;;;;;;;;;;;;;;
0.0012;0.101;0.172;349.04;11.46;1.39;12.653;-0.0185;4.04;;;;;;;;;;;;;;;;;;;;;;
-0.0077;0.144;0.214;343.83;681;0;12.618;0.0664;7.33;;;;;;;;;;;;;;;;;;;;;;
0.0033;0.111;0.182;187.19;750;0;12.585;0.234;2.89;;;;;;;;;;;;;;;;;;;;;;
-0.031;0.085;0.157;67.46;0;0;11.823;-0.2061;5.9;;;;;;;;;;;;;;;;;;;;;;
-0.0229;0.194;0.263;1.22;42.84;2.35;13.251;0.038;12.38;;;;;;;;;;;;;;;;;;;;;;
0.0215;0.858;0.911;73.88;635.34;20.92;15.08;0.069;6.69;;;;;;;;;;;;;;;;;;;;;;
0.0111;0.197;0.266;489.65;0;0;12.825;0.1056;5.4;;;;;;;;;;;;;;;;;;;;;;
0.0054;0.359;0.425;7.92;-530;11.36;13.939;0.1636;8.37;;;;;;;;;;;;;;;;;;;;;;
0.0125;0.534;0.595;13.83;113.63;18.01;14.249;0.0247;7.76;;;;;;;;;;;;;;;;;;;;;;
0.0193;0.38;0.445;4.97;88.32;0.26;13.923;0.0178;6.19;;;;;;;;;;;;;;;;;;;;;;
0.0222;0.212;0.28;795.49;1;0;13.082;0.0233;3.88;;;;;;;;;;;;;;;;;;;;;;
0.0053;0.202;0.271;856.25;7.36;0;13.035;0.0139;8.04;;;;;;;;;;;;;;;;;;;;;;
0.0039;0.206;0.275;693.45;12.92;0.46;13.072;0.0704;8.13;;;;;;;;;;;;;;;;;;;;;;
0.0198;0.72;0.777;48.94;1.01;22.54;14.908;0.1399;7.34;;;;;;;;;;;;;;;;;;;;;;
-0.0287;0.029;0.102;569.06;0;1.83;12.656;-0.0941;7.47;;;;;;;;;;;;;;;;;;;;;;
0.0161;0.435;0.498;10.52;513.48;13.1;14.239;0.1288;7.08;;;;;;;;;;;;;;;;;;;;;;
0.0024;0.147;0.217;262.83;4.33;0;12.591;-0.1316;3.72;;;;;;;;;;;;;;;;;;;;;;
0.0089;0.096;0.167;377.64;1;0.33;12.657;0.7892;3.45;;;;;;;;;;;;;;;;;;;;;;
0.0024;0.179;0.248;557.21;0;0.21;12.943;0.0164;8.96;;;;;;;;;;;;;;;;;;;;;;
-0.0117;0.199;0.268;531.39;-11.88;0.82;12.977;0.238;11.57;;;;;;;;;;;;;;;;;;;;;;
0.006;0.7;0.757;10.02;304.26;20.31;14.184;0.0308;6.85;;;;;;;;;;;;;;;;;;;;;;
0.0006;0.253;0.321;1.21;118.28;21.46;13.312;-0.1684;5.21;;;;;;;;;;;;;;;;;;;;;;
0.0267;0.745;0.822;100.56;1.82;20.47;15.113;0.1515;6.93;;;;;;;;;;;;;;;;;;;;;;
0.0103;0.193;0.262;1.56;605.08;0.78;13.368;0.4281;5.26;;;;;;;;;;;;;;;;;;;;;;
0.0017;0.327;0.393;2.91;39.74;1.33;13.488;0.0113;6.3;;;;;;;;;;;;;;;;;;;;;;
0.0031;0.34;0.405;2.56;6.37;6.24;13.578;0.2005;9.1;;;;;;;;;;;;;;;;;;;;;;
0.0099;0.649;0.708;22.21;483.2;60.16;14.486;0.1724;12.48;;;;;;;;;;;;;;;;;;;;;;
0.0027;0.241;0.308;1.95;78.1;26.09;13.48;0.0467;10.44;;;;;;;;;;;;;;;;;;;;;;
0.019;0.224;0.292;2.11;39.24;13.34;13.472;0.094;4.48;;;;;;;;;;;;;;;;;;;;;;
0.0062;0.212;0.28;1.21;82.41;24.69;13.256;0.1022;11.88;;;;;;;;;;;;;;;;;;;;;;
0.0132;0.559;0.619;11.13;-4.3;38.76;14.08;0.0453;11.04;;;;;;;;;;;;;;;;;;;;;;
0.0221;0.337;0.402;4.62;3.01;3.45;13.797;0.2168;7.01;;;;;;;;;;;;;;;;;;;;;;
0.0148;0.701;0.758;15.31;75.27;15.06;14.316;-0.0297;5.87;;;;;;;;;;;;;;;;;;;;;;
-0.0153;0.121;0.191;211.9;0;0.25;12.403;0.1162;7.53;;;;;;;;;;;;;;;;;;;;;;
-0.0023;0.326;0.525;1.84;29.27;4.81;13.407;-0.0189;5.65;;;;;;;;;;;;;;;;;;;;;;
0.0182;0.518;0.578;18.03;584.59;51.36;14.259;0.7923;5.96;;;;;;;;;;;;;;;;;;;;;;
0.0069;0.202;0.271;629.67;249.69;0;12.881;0.0425;4.94;;;;;;;;;;;;;;;;;;;;;;
0.0328;0.835;0.805;56.72;3.44;0.44;14.963;0.1142;5.35;;;;;;;;;;;;;;;;;;;;;;
0.0045;0.214;0.282;1.19;462;6.57;13.276;0.1814;6.57;;;;;;;;;;;;;;;;;;;;;;
0.0135;0.568;0.626;19.34;967.76;7.28;14.438;0.0288;6.53;;;;;;;;;;;;;;;;;;;;;;
0.0214;0.58;0.638;20.51;426.85;16.62;14.287;0.0363;4.41;;;;;;;;;;;;;;;;;;;;;;
0.0025;0.102;0.173;340.58;17.23;1.39;12.682;0.0695;4.11;;;;;;;;;;;;;;;;;;;;;;
-0.0471;0.145;0.214;540.07;9.99;0;12.808;0.547;6.09;;;;;;;;;;;;;;;;;;;;;;
0.0016;0.112;0.183;241.66;-11;0;12.721;0.3654;3.75;;;;;;;;;;;;;;;;;;;;;;
-0.1228;0.086;0.157;52.61;0;0;12.121;0.9875;2.49;;;;;;;;;;;;;;;;;;;;;;
0.0028;0.195;0.263;864.54;52.74;2.35;13.238;-0.0287;11.76;;;;;;;;;;;;;;;;;;;;;;
0.0218;0.863;0.914;81.88;862.05;20.92;15.12;0.0965;6.53;;;;;;;;;;;;;;;;;;;;;;
0.0084;0.198;0.266;557.6;0;0;12.879;0.1308;5.87;;;;;;;;;;;;;;;;;;;;;;
0.0059;0.362;0.426;8.57;5.52;11.36;13.97;0.074;7.8;;;;;;;;;;;;;;;;;;;;;;
0.0106;0.537;0.596;14.45;344.2;18.01;14.228;-0.0476;6.8;;;;;;;;;;;;;;;;;;;;;;
0.0217;0.383;0.446;5.65;386.8;0.26;14.003;0.2035;6.29;;;;;;;;;;;;;;;;;;;;;;
0.0198;0.213;0.281;827.07;7.46;0;13.111;0.0667;3.81;;;;;;;;;;;;;;;;;;;;;;
0.0019;0.204;0.272;942.5;15.75;0;13.026;-0.0228;7.18;;;;;;;;;;;;;;;;;;;;;;
0.0037;0.208;0.276;766.01;10.57;0.46;13.119;0.1148;8.66;;;;;;;;;;;;;;;;;;;;;;
0.0186;0.725;0.779;53.6;1.6;22.54;14.927;0.0458;7.17;;;;;;;;;;;;;;;;;;;;;;
0.0033;0.029;0.102;502.57;0;1.83;12.709;0.1301;6.25;;;;;;;;;;;;;;;;;;;;;;
0.0166;0.437;0.499;11.46;1.03;13.1;14.257;0.041;6.8;;;;;;;;;;;;;;;;;;;;;;
0.0078;0.148;0.217;245.58;3.88;0;12.603;0.0284;3.45;;;;;;;;;;;;;;;;;;;;;;
-0.0035;0.097;0.167;380.09;327.28;0.33;12.708;0.1263;2.67;;;;;;;;;;;;;;;;;;;;;;
0.0013;0.18;0.249;627.52;0;0.21;13.047;0.2696;5.92;;;;;;;;;;;;;;;;;;;;;;
-0.0156;0.2;0.269;502.62;16.24;0.82;12.908;-0.146;14.14;;;;;;;;;;;;;;;;;;;;;;
0.0095;0.705;0.76;10.88;758.36;20.31;14.208;0.056;6.76;;;;;;;;;;;;;;;;;;;;;;
0.0002;0.255;0.322;1.18;76.97;21.46;13.362;0.1237;4.65;;;;;;;;;;;;;;;;;;;;;;
0.0253;0.75;0.824;112.08;2.07;20.47;15.151;0.0924;6.97;;;;;;;;;;;;;;;;;;;;;;
0.002;0.194;0.262;1.89;40.55;0.78;13.432;0.161;5.66;;;;;;;;;;;;;;;;;;;;;;
0.0002;0.329;0.394;3.04;36.45;1.33;13.563;0.189;6.16;;;;;;;;;;;;;;;;;;;;;;
0.0018;0.342;0.406;2.82;853;6.24;13.635;0.1387;8.01;;;;;;;;;;;;;;;;;;;;;;
0.0007;0.654;0.71;25.02;638.33;60.16;14.494;0.0174;12.97;;;;;;;;;;;;;;;;;;;;;;
-0.0005;0.242;0.309;1.88;167.66;26.09;13.484;0.0094;10.47;;;;;;;;;;;;;;;;;;;;;;
0.015;0.226;0.293;2.32;49.99;13.34;13.567;0.2467;4.94;;;;;;;;;;;;;;;;;;;;;;
0.0009;0.213;0.281;1.32;100.21;24.69;13.278;0.0522;12.23;;;;;;;;;;;;;;;;;;;;;;
0.0128;0.562;0.621;11.19;97.09;38.76;14.092;0.0278;10.49;;;;;;;;;;;;;;;;;;;;;;
0.0197;0.339;0.403;5.03;2.44;3.45;13.885;0.2244;7.97;;;;;;;;;;;;;;;;;;;;;;
0.0159;0.706;0.761;16.17;307.3;15.06;14.325;0.0197;5.29;;;;;;;;;;;;;;;;;;;;;;
0.0145;0.091;0.17;144.51;0;0.25;12.413;0.0235;7.91;;;;;;;;;;;;;;;;;;;;;;
0.0008;0.246;0.466;1.44;27.16;4.81;13.485;0.1956;6.92;;;;;;;;;;;;;;;;;;;;;;
0.0096;0.391;0.513;15.96;729.13;51.36;14.263;0.0084;5.97;;;;;;;;;;;;;;;;;;;;;;
0.0046;0.153;0.24;628.5;-78.31;0;12.883;0.0039;5.03;;;;;;;;;;;;;;;;;;;;;;
0.0272;0.63;0.715;54.54;4.3;0.44;15.032;0.1704;5.56;;;;;;;;;;;;;;;;;;;;;;
0.0023;0.161;0.25;1.2;29.11;6.57;13.402;0.3357;5.01;;;;;;;;;;;;;;;;;;;;;;
0.0072;0.428;0.556;17.52;1.62;7.28;14.449;0.0236;6.59;;;;;;;;;;;;;;;;;;;;;;
0.0051;0.437;0.567;18.05;977.58;16.62;14.303;0.038;4.48;;;;;;;;;;;;;;;;;;;;;;
0.0006;0.077;0.153;309.28;27.63;1.39;12.73;0.1155;4.46;;;;;;;;;;;;;;;;;;;;;;
-0.0217;0.109;0.19;432.2;19.91;0;12.993;0.5345;5.25;;;;;;;;;;;;;;;;;;;;;;
0.0028;0.085;0.162;280.73;54.56;0;12.926;0.6034;5.62;;;;;;;;;;;;;;;;;;;;;;
-0.1083;0.065;0.14;87.28;0;0;12.338;0.6501;1.83;;;;;;;;;;;;;;;;;;;;;;
-0.0289;0.147;0.234;733.73;11.02;2.35;13.21;-0.0639;10.75;;;;;;;;;;;;;;;;;;;;;;
0.0117;0.651;0.812;83.35;6.49;20.92;15.188;0.1697;7.26;;;;;;;;;;;;;;;;;;;;;;
0.0076;0.149;0.237;586.69;27.84;0;13.005;0.3357;7.03;;;;;;;;;;;;;;;;;;;;;;
0.0007;0.273;0.378;4.93;-103.15;11.36;13.966;-0.0095;7.36;;;;;;;;;;;;;;;;;;;;;;
0.0074;0.405;0.53;11.47;681.4;18.01;14.239;0.0245;6.45;;;;;;;;;;;;;;;;;;;;;;
0.0282;0.289;0.396;5.98;1.3;0.26;14.05;0.1131;6.31;;;;;;;;;;;;;;;;;;;;;;
0.0241;0.161;0.249;799.96;74.88;0;13.151;0.0976;3.61;;;;;;;;;;;;;;;;;;;;;;
0.0009;0.153;0.241;847.74;31.1;0;13.066;0.0985;7.16;;;;;;;;;;;;;;;;;;;;;;
0.004;0.157;0.245;761.04;38.54;0.46;13.138;0.0449;9.01;;;;;;;;;;;;;;;;;;;;;;
0.0038;0.547;0.692;50.99;2.54;22.54;14.95;0.0541;7.46;;;;;;;;;;;;;;;;;;;;;;
0.003;0.022;0.091;404.46;0;1.83;12.734;0.0581;5.1;;;;;;;;;;;;;;;;;;;;;;
0.0109;0.33;0.444;10.16;1.54;13.1;14.314;0.1416;6.73;;;;;;;;;;;;;;;;;;;;;;
-0.0183;0.112;0.193;181.11;4.33;0;12.571;-0.0714;3.48;;;;;;;;;;;;;;;;;;;;;;
0.0014;0.073;0.149;404.49;3.04;0.33;12.798;0.2283;2.51;;;;;;;;;;;;;;;;;;;;;;
0;0.136;0.221;683.54;0;0.21;13.053;0.0149;4.66;;;;;;;;;;;;;;;;;;;;;;
-0.0459;0.151;0.239;326.17;0;0.82;12.728;-0.3409;7.03;;;;;;;;;;;;;;;;;;;;;;
0.004;0.532;0.675;10.88;971.88;20.31;14.296;0.2247;6.08;;;;;;;;;;;;;;;;;;;;;;
-0.0204;0.192;0.286;1.11;34.11;21.46;13.262;-0.2052;4.69;;;;;;;;;;;;;;;;;;;;;;
0.0127;0.566;0.732;105.27;3.29;20.47;15.179;0.0671;7.25;;;;;;;;;;;;;;;;;;;;;;
0.0011;0.146;0.233;1.72;36.13;0.78;13.447;0.035;6.28;;;;;;;;;;;;;;;;;;;;;;
0.0029;0.248;0.35;2.81;442.92;1.33;13.649;0.2203;6.69;;;;;;;;;;;;;;;;;;;;;;
0.0155;0.258;0.361;14.6;-20.96;6.24;14.379;4.5557;10.54;;;;;;;;;;;;;;;;;;;;;;
0.0048;0.493;0.63;23.8;742.28;60.16;14.558;0.1585;15.36;;;;;;;;;;;;;;;;;;;;;;
-0.0089;0.183;0.275;1.51;243.97;26.09;13.419;-0.1391;10.07;;;;;;;;;;;;;;;;;;;;;;
0.0143;0.17;0.26;2.32;75.92;13.34;13.58;0.0301;5.28;;;;;;;;;;;;;;;;;;;;;;
0.0031;0.161;0.249;1.04;-2.33;24.69;13.306;0.0667;12.33;;;;;;;;;;;;;;;;;;;;;;
0.0128;0.424;0.551;11.44;574.55;38.76;14.149;0.1408;11.04;;;;;;;;;;;;;;;;;;;;;;
0.0186;0.255;0.358;5.05;2.26;3.45;13.922;0.0894;8.43;;;;;;;;;;;;;;;;;;;;;;
0.0145;0.532;0.676;13.51;1.97;15.06;14.339;0.0321;5.02;;;;;;;;;;;;;;;;;;;;;;
0.0532;0.102;0.189;172.48;76.55;0.25;12.667;0.7974;4.38;;;;;;;;;;;;;;;;;;;;;;
-0.0059;0.277;0.519;1.24;19.29;4.81;13.417;-0.1441;7.54;;;;;;;;;;;;;;;;;;;;;;
0.0142;0.44;0.571;14.11;762.95;51.36;14.283;0.0478;5.75;;;;;;;;;;;;;;;;;;;;;;
0.0055;0.172;0.267;509.42;303.43;0;12.938;0.1347;4.36;;;;;;;;;;;;;;;;;;;;;;
0.0273;0.709;0.795;53.75;2.69;0.44;15.089;0.142;5.95;;;;;;;;;;;;;;;;;;;;;;
0.0031;0.182;0.278;1.19;14.82;6.57;13.418;0.038;4.25;;;;;;;;;;;;;;;;;;;;;;
0.0139;0.482;0.619;14.73;1.99;7.28;14.492;0.1062;7.01;;;;;;;;;;;;;;;;;;;;;;
0.008;0.493;0.631;15.52;612.68;16.62;14.284;-0.0431;4.49;;;;;;;;;;;;;;;;;;;;;;
0.0016;0.086;0.171;271.58;13.57;1.39;12.933;0.5984;4.24;;;;;;;;;;;;;;;;;;;;;;
0.0011;0.123;0.212;544.26;16.44;0;13.155;0.4499;4.93;;;;;;;;;;;;;;;;;;;;;;
0.0034;0.095;0.181;417.65;75.93;0;13.178;0.7844;6.54;;;;;;;;;;;;;;;;;;;;;;
0.0119;0.073;0.155;612.21;0;0;13.09;4.6482;1.53;;;;;;;;;;;;;;;;;;;;;;
-0.0237;0.166;0.26;792.58;19.9;2.35;13.329;0.3155;9.15;;;;;;;;;;;;;;;;;;;;;;
0.0172;0.733;0.903;82.51;7.18;20.92;15.237;0.1191;8.29;;;;;;;;;;;;;;;;;;;;;;
0.0066;0.168;0.263;779.57;2.28;0;13.153;0.4079;9.31;;;;;;;;;;;;;;;;;;;;;;
0.0004;0.307;0.421;6.01;6.84;11.36;14.076;0.2874;7.87;;;;;;;;;;;;;;;;;;;;;;
0.0096;0.456;0.589;9.18;381.57;18.01;14.227;-0.0258;6.2;;;;;;;;;;;;;;;;;;;;;;
0.0327;0.325;0.441;5.47;1.01;0.26;14.123;0.1843;6.56;;;;;;;;;;;;;;;;;;;;;;
0.0345;0.181;0.277;758.03;48.02;0;13.204;0.1288;3.63;;;;;;;;;;;;;;;;;;;;;;
0.001;0.173;0.268;843.16;31.7;0;13.147;0.2027;6.55;;;;;;;;;;;;;;;;;;;;;;
0.0037;0.176;0.272;911.66;3.81;0.46;13.317;0.5099;10.5;;;;;;;;;;;;;;;;;;;;;;
0.0117;0.616;0.77;44.67;3;22.54;14.984;0.0825;7.93;;;;;;;;;;;;;;;;;;;;;;
-0.1177;0.025;0.101;596.43;-1.57;1.83;13.055;1.0913;4.18;;;;;;;;;;;;;;;;;;;;;;
0.012;0.372;0.493;8.56;1.11;13.1;14.331;0.0393;6.77;;;;;;;;;;;;;;;;;;;;;;
-0.011;0.126;0.215;131.02;2.49;0;12.629;0.1435;2.59;;;;;;;;;;;;;;;;;;;;;;
0.0025;0.082;0.165;484.77;0;0.33;12.888;0.2305;2.52;;;;;;;;;;;;;;;;;;;;;;
-0.0636;0.153;0.246;636.23;0;0.21;13.159;0.2764;4.75;;;;;;;;;;;;;;;;;;;;;;
-0.0374;0.17;0.265;269.99;735;0.82;12.947;0.6581;4.36;;;;;;;;;;;;;;;;;;;;;;
0.0057;0.599;0.751;10.45;574.53;20.31;14.37;0.1854;6.03;;;;;;;;;;;;;;;;;;;;;;
-0.0877;0.217;0.318;786.88;14.81;21.46;13.248;-0.0326;4.42;;;;;;;;;;;;;;;;;;;;;;
0.0195;0.637;0.814;130.01;5.75;20.47;15.225;0.11;6.56;;;;;;;;;;;;;;;;;;;;;;
-0.1357;0.165;0.259;1.44;40.27;0.78;13.227;-0.398;6.65;;;;;;;;;;;;;;;;;;;;;;
0.0026;0.28;0.389;2.43;223.12;1.33;13.722;0.1807;7.25;;;;;;;;;;;;;;;;;;;;;;
0.012;0.29;0.402;15.12;-6.06;6.24;14.424;0.1073;10.8;;;;;;;;;;;;;;;;;;;;;;
0.0065;0.555;0.701;23.78;697.43;60.16;14.57;0.0295;17.71;;;;;;;;;;;;;;;;;;;;;;
-0.0047;0.206;0.306;1.36;127.68;26.09;13.397;-0.0486;9.04;;;;;;;;;;;;;;;;;;;;;;
0.0154;0.192;0.29;2.35;65.33;13.34;13.641;0.151;4.95;;;;;;;;;;;;;;;;;;;;;;
0.0016;0.181;0.277;680.69;20.83;24.69;13.349;0.104;11.31;;;;;;;;;;;;;;;;;;;;;;
0.0136;0.478;0.613;11.84;340.89;38.76;14.2;0.1236;11.97;;;;;;;;;;;;;;;;;;;;;;
0.0165;0.288;0.399;5.39;3.5;3.45;14.003;0.2045;8.81;;;;;;;;;;;;;;;;;;;;;;
0.0098;0.6;0.752;11.42;1.26;15.06;14.311;-0.0624;4.71;;;;;;;;;;;;;;;;;;;;;;
